DROP TABLE IF EXISTS anomaly_rate_info_test_source;
CREATE TABLE anomaly_rate_info_test_source (host_id text NOT NULL, after int NOT NULL, before int NOT NULL, anomaly_rates text);
INSERT INTO anomaly_rate_info_test_source (host_id, after, before, anomaly_rates) VALUES
(
'5cb28cec-3d65-11ec-83fd-15e0d7613f4b',	1638208223,	1638208283,	'[
    [
        10.0,
        "system.cpu|guest_nice"
    ],
    [
        10.0,
        "system.cpu|guest"
    ],
    [
        10.0,
        "system.cpu|steal"
    ],
    [
        10.0,
        "system.cpu|softirq"
    ],
    [
        10.0,
        "system.cpu|irq"
    ],
    [
        10.0,
        "system.cpu|user"
    ],
    [
        10.0,
        "system.cpu|system"
    ],
    [
        10.0,
        "system.cpu|nice"
    ],
    [
        10.0,
        "system.cpu|iowait"
    ],
    [
        10.0,
        "system.cpu|idle"
    ]
]'
),(
'5cb28cec-3d65-11ec-83fd-15e0d7613f4b',	1638208283,	1638208343,	'[
    [
        10.0,
        "system.cpu|guest_nice"
    ],
    [
        10.0,
        "system.cpu|guest"
    ],
    [
        10.0,
        "system.cpu|steal"
    ],
    [
        10.0,
        "system.cpu|softirq"
    ],
    [
        10.0,
        "system.cpu|irq"
    ],
    [
        10.0,
        "system.cpu|user"
    ],
    [
        10.0,
        "system.cpu|system"
    ],
    [
        10.0,
        "system.cpu|nice"
    ],
    [
        10.0,
        "system.cpu|iowait"
    ],
    [
        10.0,
        "system.cpu|idle"
    ]
]'
),(
'5cb28cec-3d65-11ec-83fd-15e0d7613f4b',	1638208343,	1638208403,	'[
    [
        10.0,
        "system.cpu|guest_nice"
    ],
    [
        10.0,
        "system.cpu|guest"
    ],
    [
        10.0,
        "system.cpu|steal"
    ],
    [
        10.0,
        "system.cpu|softirq"
    ],
    [
        10.0,
        "system.cpu|irq"
    ],
    [
        10.0,
        "system.cpu|user"
    ],
    [
        10.0,
        "system.cpu|system"
    ],
    [
        10.0,
        "system.cpu|nice"
    ],
    [
        10.0,
        "system.cpu|iowait"
    ],
    [
        10.0,
        "system.cpu|idle"
    ]
]'
),(
'5cb28cec-3d65-11ec-83fd-15e0d7613f4b',	1638208403,	1638208463,	'[
    [
        10.0,
        "system.cpu|guest_nice"
    ],
    [
        10.0,
        "system.cpu|guest"
    ],
    [
        10.0,
        "system.cpu|steal"
    ],
    [
        10.0,
        "system.cpu|softirq"
    ],
    [
        10.0,
        "system.cpu|irq"
    ],
    [
        10.0,
        "system.cpu|user"
    ],
    [
        10.0,
        "system.cpu|system"
    ],
    [
        10.0,
        "system.cpu|nice"
    ],
    [
        10.0,
        "system.cpu|iowait"
    ],
    [
        10.0,
        "system.cpu|idle"
    ]
]'
),(
'5cb28cec-3d65-11ec-83fd-15e0d7613f4b',	1638208463,	1638208523,	'[
    [
        10.0,
        "system.cpu|guest_nice"
    ],
    [
        10.0,
        "system.cpu|guest"
    ],
    [
        10.0,
        "system.cpu|steal"
    ],
    [
        10.0,
        "system.cpu|softirq"
    ],
    [
        10.0,
        "system.cpu|irq"
    ],
    [
        10.0,
        "system.cpu|user"
    ],
    [
        10.0,
        "system.cpu|system"
    ],
    [
        10.0,
        "system.cpu|nice"
    ],
    [
        10.0,
        "system.cpu|iowait"
    ],
    [
        10.0,
        "system.cpu|idle"
    ]
]'
),(
'5cb28cec-3d65-11ec-83fd-15e0d7613f4b',	1638208523,	1638208583,	'[
    [
        10.0,
        "system.cpu|guest_nice"
    ],
    [
        10.0,
        "system.cpu|guest"
    ],
    [
        10.0,
        "system.cpu|steal"
    ],
    [
        10.0,
        "system.cpu|softirq"
    ],
    [
        10.0,
        "system.cpu|irq"
    ],
    [
        10.0,
        "system.cpu|user"
    ],
    [
        10.0,
        "system.cpu|system"
    ],
    [
        10.0,
        "system.cpu|nice"
    ],
    [
        10.0,
        "system.cpu|iowait"
    ],
    [
        10.0,
        "system.cpu|idle"
    ]
]'
),(
'5cb28cec-3d65-11ec-83fd-15e0d7613f4b',	1638208583,	1638208643,	'[
    [
        10.0,
        "system.cpu|guest_nice"
    ],
    [
        10.0,
        "system.cpu|guest"
    ],
    [
        10.0,
        "system.cpu|steal"
    ],
    [
        10.0,
        "system.cpu|softirq"
    ],
    [
        10.0,
        "system.cpu|irq"
    ],
    [
        10.0,
        "system.cpu|user"
    ],
    [
        10.0,
        "system.cpu|system"
    ],
    [
        10.0,
        "system.cpu|nice"
    ],
    [
        10.0,
        "system.cpu|iowait"
    ],
    [
        10.0,
        "system.cpu|idle"
    ]
]'
),(
'5cb28cec-3d65-11ec-83fd-15e0d7613f4b',	1638208643,	1638208703,	'[
    [
        10.0,
        "system.cpu|guest_nice"
    ],
    [
        10.0,
        "system.cpu|guest"
    ],
    [
        10.0,
        "system.cpu|steal"
    ],
    [
        10.0,
        "system.cpu|softirq"
    ],
    [
        5.0,
        "system.cpu|irq"
    ],
    [
        5.0,
        "system.cpu|user"
    ],
    [
        10.0,
        "system.cpu|system"
    ],
    [
        4.0,
        "system.cpu|nice"
    ],
    [
        4.0,
        "system.cpu|iowait"
    ],
    [
        10.0,
        "system.cpu|idle"
    ]
]'
),(
'5cb28cec-3d65-11ec-83fd-15e0d7613f4b',	1638208703,	1638208763,	'[
    [
        10.0,
        "system.cpu|guest_nice"
    ],
    [
        10.0,
        "system.cpu|guest"
    ],
    [
        10.0,
        "system.cpu|steal"
    ],
    [
        10.0,
        "system.cpu|softirq"
    ],
    [
        5.0,
        "system.cpu|irq"
    ],
    [
        5.0,
        "system.cpu|user"
    ],
    [
        10.0,
        "system.cpu|system"
    ],
    [
        4.0,
        "system.cpu|nice"
    ],
    [
        4.0,
        "system.cpu|iowait"
    ],
    [
        10.0,
        "system.cpu|idle"
    ]
]'
),(
'5cb28cec-3d65-11ec-83fd-15e0d7613f4b',	1638208763,	1638208823,	'[
    [
        10.0,
        "system.cpu|guest_nice"
    ],
    [
        10.0,
        "system.cpu|guest"
    ],
    [
        10.0,
        "system.cpu|steal"
    ],
    [
        10.0,
        "system.cpu|softirq"
    ],
    [
        5.0,
        "system.cpu|irq"
    ],
    [
        5.0,
        "system.cpu|user"
    ],
    [
        10.0,
        "system.cpu|system"
    ],
    [
        4.0,
        "system.cpu|nice"
    ],
    [
        4.0,
        "system.cpu|iowait"
    ],
    [
        10.0,
        "system.cpu|idle"
    ]
]'
),(
'5cb28cec-3d65-11ec-83fd-15e0d7613f4b',	1638208823,	1638208883,	'[
    [
        10.0,
        "system.cpu|guest_nice"
    ],
    [
        10.0,
        "system.cpu|guest"
    ],
    [
        10.0,
        "system.cpu|steal"
    ],
    [
        10.0,
        "system.cpu|softirq"
    ],
    [
        10.0,
        "system.cpu|irq"
    ],
    [
        10.0,
        "system.cpu|user"
    ],
    [
        10.0,
        "system.cpu|system"
    ],
    [
        10.0,
        "system.cpu|nice"
    ],
    [
        10.0,
        "system.cpu|iowait"
    ],
    [
        10.0,
        "system.cpu|idle"
    ]
]'
),(
'5cb28cec-3d65-11ec-83fd-15e0d7613f4b',	1638208883,	1638208943,	'[
    [
        10.0,
        "system.cpu|guest_nice"
    ],
    [
        10.0,
        "system.cpu|guest"
    ],
    [
        10.0,
        "system.cpu|steal"
    ],
    [
        10.0,
        "system.cpu|softirq"
    ],
    [
        10.0,
        "system.cpu|irq"
    ],
    [
        10.0,
        "system.cpu|user"
    ],
    [
        10.0,
        "system.cpu|system"
    ],
    [
        10.0,
        "system.cpu|nice"
    ],
    [
        10.0,
        "system.cpu|iowait"
    ],
    [
        10.0,
        "system.cpu|idle"
    ]
]'
),(
'5cb28cec-3d65-11ec-83fd-15e0d7613f4b',	1638208943,	1638209003,	'[
    [
        10.0,
        "system.cpu|guest_nice"
    ],
    [
        10.0,
        "system.cpu|guest"
    ],
    [
        10.0,
        "system.cpu|steal"
    ],
    [
        10.0,
        "system.cpu|softirq"
    ],
    [
        10.0,
        "system.cpu|irq"
    ],
    [
        10.0,
        "system.cpu|user"
    ],
    [
        10.0,
        "system.cpu|system"
    ],
    [
        10.0,
        "system.cpu|nice"
    ],
    [
        10.0,
        "system.cpu|iowait"
    ],
    [
        10.0,
        "system.cpu|idle"
    ]
]'
),(
'5cb28cec-3d65-11ec-83fd-15e0d7613f4b',	1638209003,	1638209063,	'[
    [
        10.0,
        "system.cpu|guest_nice"
    ],
    [
        10.0,
        "system.cpu|guest"
    ],
    [
        10.0,
        "system.cpu|steal"
    ],
    [
        10.0,
        "system.cpu|softirq"
    ],
    [
        10.0,
        "system.cpu|irq"
    ],
    [
        10.0,
        "system.cpu|user"
    ],
    [
        10.0,
        "system.cpu|system"
    ],
    [
        10.0,
        "system.cpu|nice"
    ],
    [
        10.0,
        "system.cpu|iowait"
    ],
    [
        10.0,
        "system.cpu|idle"
    ]
]'
),(
'5cb28cec-3d65-11ec-83fd-15e0d7613f4b',	1638209063,	1638209123,	'[
    [
        10.0,
        "system.cpu|guest_nice"
    ],
    [
        10.0,
        "system.cpu|guest"
    ],
    [
        10.0,
        "system.cpu|steal"
    ],
    [
        10.0,
        "system.cpu|softirq"
    ],
    [
        10.0,
        "system.cpu|irq"
    ],
    [
        10.0,
        "system.cpu|user"
    ],
    [
        10.0,
        "system.cpu|system"
    ],
    [
        10.0,
        "system.cpu|nice"
    ],
    [
        10.0,
        "system.cpu|iowait"
    ],
    [
        10.0,
        "system.cpu|idle"
    ]
]'
),(
'5cb28cec-3d65-11ec-83fd-15e0d7613f4b',	1638209123,	1638209183,	'[
    [
        10.0,
        "system.cpu|guest_nice"
    ],
    [
        10.0,
        "system.cpu|guest"
    ],
    [
        10.0,
        "system.cpu|steal"
    ],
    [
        10.0,
        "system.cpu|softirq"
    ],
    [
        10.0,
        "system.cpu|irq"
    ],
    [
        10.0,
        "system.cpu|user"
    ],
    [
        10.0,
        "system.cpu|system"
    ],
    [
        10.0,
        "system.cpu|nice"
    ],
    [
        10.0,
        "system.cpu|iowait"
    ],
    [
        10.0,
        "system.cpu|idle"
    ]
]'
),(
'5cb28cec-3d65-11ec-83fd-15e0d7613f4b',	1638209183,	1638209243,	'[
    [
        10.0,
        "system.cpu|guest_nice"
    ],
    [
        10.0,
        "system.cpu|guest"
    ],
    [
        10.0,
        "system.cpu|steal"
    ],
    [
        10.0,
        "system.cpu|softirq"
    ],
    [
        10.0,
        "system.cpu|irq"
    ],
    [
        10.0,
        "system.cpu|user"
    ],
    [
        10.0,
        "system.cpu|system"
    ],
    [
        10.0,
        "system.cpu|nice"
    ],
    [
        10.0,
        "system.cpu|iowait"
    ],
    [
        10.0,
        "system.cpu|idle"
    ]
]'
),(
'5cb28cec-3d65-11ec-83fd-15e0d7613f4b',	1638209243,	1638209303,	'[
    [
        10.0,
        "system.cpu|guest_nice"
    ],
    [
        10.0,
        "system.cpu|guest"
    ],
    [
        10.0,
        "system.cpu|steal"
    ],
    [
        10.0,
        "system.cpu|softirq"
    ],
    [
        10.0,
        "system.cpu|irq"
    ],
    [
        10.0,
        "system.cpu|user"
    ],
    [
        10.0,
        "system.cpu|system"
    ],
    [
        10.0,
        "system.cpu|nice"
    ],
    [
        10.0,
        "system.cpu|iowait"
    ],
    [
        10.0,
        "system.cpu|idle"
    ]
]'
),(
'5cb28cec-3d65-11ec-83fd-15e0d7613f4b',	1638209303,	1638209363,	'[
    [
        10.0,
        "system.cpu|guest_nice"
    ],
    [
        10.0,
        "system.cpu|guest"
    ],
    [
        10.0,
        "system.cpu|steal"
    ],
    [
        10.0,
        "system.cpu|softirq"
    ],
    [
        10.0,
        "system.cpu|irq"
    ],
    [
        10.0,
        "system.cpu|user"
    ],
    [
        10.0,
        "system.cpu|system"
    ],
    [
        10.0,
        "system.cpu|nice"
    ],
    [
        10.0,
        "system.cpu|iowait"
    ],
    [
        10.0,
        "system.cpu|idle"
    ]
]'
),(
'5cb28cec-3d65-11ec-83fd-15e0d7613f4b',	1638209363,	1638209423,	'[
    [
        10.0,
        "system.cpu|guest_nice"
    ],
    [
        10.0,
        "system.cpu|guest"
    ],
    [
        10.0,
        "system.cpu|steal"
    ],
    [
        10.0,
        "system.cpu|softirq"
    ],
    [
        10.0,
        "system.cpu|irq"
    ],
    [
        10.0,
        "system.cpu|user"
    ],
    [
        10.0,
        "system.cpu|system"
    ],
    [
        10.0,
        "system.cpu|nice"
    ],
    [
        10.0,
        "system.cpu|iowait"
    ],
    [
        10.0,
        "system.cpu|idle"
    ]
]'
),(
'5cb28cec-3d65-11ec-83fd-15e0d7613f4b',	1638209423,	1638209483,	'[
    [
        10.0,
        "system.cpu|guest_nice"
    ],
    [
        10.0,
        "system.cpu|guest"
    ],
    [
        10.0,
        "system.cpu|steal"
    ],
    [
        10.0,
        "system.cpu|softirq"
    ],
    [
        10.0,
        "system.cpu|irq"
    ],
    [
        10.0,
        "system.cpu|user"
    ],
    [
        10.0,
        "system.cpu|system"
    ],
    [
        10.0,
        "system.cpu|nice"
    ],
    [
        10.0,
        "system.cpu|iowait"
    ],
    [
        10.0,
        "system.cpu|idle"
    ]
]'
),(
'5cb28cec-3d65-11ec-83fd-15e0d7613f4b',	1638209483,	1638209543,	'[
    [
        10.0,
        "system.cpu|guest_nice"
    ],
    [
        10.0,
        "system.cpu|guest"
    ],
    [
        10.0,
        "system.cpu|steal"
    ],
    [
        10.0,
        "system.cpu|softirq"
    ],
    [
        10.0,
        "system.cpu|irq"
    ],
    [
        10.0,
        "system.cpu|user"
    ],
    [
        10.0,
        "system.cpu|system"
    ],
    [
        10.0,
        "system.cpu|nice"
    ],
    [
        10.0,
        "system.cpu|iowait"
    ],
    [
        10.0,
        "system.cpu|idle"
    ]
]'
),(
'5cb28cec-3d65-11ec-83fd-15e0d7613f4b',	1638209543,	1638209603,	'[
    [
        10.0,
        "system.cpu|guest_nice"
    ],
    [
        10.0,
        "system.cpu|guest"
    ],
    [
        10.0,
        "system.cpu|steal"
    ],
    [
        10.0,
        "system.cpu|softirq"
    ],
    [
        10.0,
        "system.cpu|irq"
    ],
    [
        10.0,
        "system.cpu|user"
    ],
    [
        10.0,
        "system.cpu|system"
    ],
    [
        10.0,
        "system.cpu|nice"
    ],
    [
        10.0,
        "system.cpu|iowait"
    ],
    [
        10.0,
        "system.cpu|idle"
    ]
]'
),(
'5cb28cec-3d65-11ec-83fd-15e0d7613f4b',	1638209603,	1638209663,	'[
    [
        10.0,
        "system.cpu|guest_nice"
    ],
    [
        10.0,
        "system.cpu|guest"
    ],
    [
        10.0,
        "system.cpu|steal"
    ],
    [
        10.0,
        "system.cpu|softirq"
    ],
    [
        10.0,
        "system.cpu|irq"
    ],
    [
        10.0,
        "system.cpu|user"
    ],
    [
        10.0,
        "system.cpu|system"
    ],
    [
        10.0,
        "system.cpu|nice"
    ],
    [
        10.0,
        "system.cpu|iowait"
    ],
    [
        10.0,
        "system.cpu|idle"
    ]
]'
),(
'5cb28cec-3d65-11ec-83fd-15e0d7613f4b',	1638209663,	1638209723,	'[
    [
        10.0,
        "system.cpu|guest_nice"
    ],
    [
        10.0,
        "system.cpu|guest"
    ],
    [
        10.0,
        "system.cpu|steal"
    ],
    [
        10.0,
        "system.cpu|softirq"
    ],
    [
        10.0,
        "system.cpu|irq"
    ],
    [
        10.0,
        "system.cpu|user"
    ],
    [
        10.0,
        "system.cpu|system"
    ],
    [
        10.0,
        "system.cpu|nice"
    ],
    [
        10.0,
        "system.cpu|iowait"
    ],
    [
        10.0,
        "system.cpu|idle"
    ]
]'
),(
'5cb28cec-3d65-11ec-83fd-15e0d7613f4b',	1638209723,	1638209783,	'[
    [
        10.0,
        "system.cpu|guest_nice"
    ],
    [
        10.0,
        "system.cpu|guest"
    ],
    [
        10.0,
        "system.cpu|steal"
    ],
    [
        10.0,
        "system.cpu|softirq"
    ],
    [
        10.0,
        "system.cpu|irq"
    ],
    [
        10.0,
        "system.cpu|user"
    ],
    [
        10.0,
        "system.cpu|system"
    ],
    [
        10.0,
        "system.cpu|nice"
    ],
    [
        10.0,
        "system.cpu|iowait"
    ],
    [
        10.0,
        "system.cpu|idle"
    ]
]'
),(
'5cb28cec-3d65-11ec-83fd-15e0d7613f4b',	1638209783,	1638209843,	'[
    [
        10.0,
        "system.cpu|guest_nice"
    ],
    [
        10.0,
        "system.cpu|guest"
    ],
    [
        10.0,
        "system.cpu|steal"
    ],
    [
        10.0,
        "system.cpu|softirq"
    ],
    [
        10.0,
        "system.cpu|irq"
    ],
    [
        10.0,
        "system.cpu|user"
    ],
    [
        10.0,
        "system.cpu|system"
    ],
    [
        10.0,
        "system.cpu|nice"
    ],
    [
        10.0,
        "system.cpu|iowait"
    ],
    [
        10.0,
        "system.cpu|idle"
    ]
]'
),(
'5cb28cec-3d65-11ec-83fd-15e0d7613f4b',	1638209843,	1638209903,	'[
    [
        10.0,
        "system.cpu|guest_nice"
    ],
    [
        10.0,
        "system.cpu|guest"
    ],
    [
        10.0,
        "system.cpu|steal"
    ],
    [
        10.0,
        "system.cpu|softirq"
    ],
    [
        10.0,
        "system.cpu|irq"
    ],
    [
        10.0,
        "system.cpu|user"
    ],
    [
        10.0,
        "system.cpu|system"
    ],
    [
        10.0,
        "system.cpu|nice"
    ],
    [
        10.0,
        "system.cpu|iowait"
    ],
    [
        10.0,
        "system.cpu|idle"
    ]
]'
),(
'5cb28cec-3d65-11ec-83fd-15e0d7613f4b',	1638209903,	1638209963,	'[
    [
        10.0,
        "system.cpu|guest_nice"
    ],
    [
        10.0,
        "system.cpu|guest"
    ],
    [
        10.0,
        "system.cpu|steal"
    ],
    [
        10.0,
        "system.cpu|softirq"
    ],
    [
        10.0,
        "system.cpu|irq"
    ],
    [
        10.0,
        "system.cpu|user"
    ],
    [
        10.0,
        "system.cpu|system"
    ],
    [
        10.0,
        "system.cpu|nice"
    ],
    [
        10.0,
        "system.cpu|iowait"
    ],
    [
        10.0,
        "system.cpu|idle"
    ]
]'
),(
'5cb28cec-3d65-11ec-83fd-15e0d7613f4b',	1638209963,	1638210023,	'[
    [
        10.0,
        "system.cpu|guest_nice"
    ],
    [
        10.0,
        "system.cpu|guest"
    ],
    [
        10.0,
        "system.cpu|steal"
    ],
    [
        10.0,
        "system.cpu|softirq"
    ],
    [
        10.0,
        "system.cpu|irq"
    ],
    [
        10.0,
        "system.cpu|user"
    ],
    [
        10.0,
        "system.cpu|system"
    ],
    [
        10.0,
        "system.cpu|nice"
    ],
    [
        10.0,
        "system.cpu|iowait"
    ],
    [
        10.0,
        "system.cpu|idle"
    ]
]'
),(
'5cb28cec-3d65-11ec-83fd-15e0d7613f4b',	1638210023,	1638210083,	'[
    [
        10.0,
        "system.cpu|guest_nice"
    ],
    [
        10.0,
        "system.cpu|guest"
    ],
    [
        10.0,
        "system.cpu|steal"
    ],
    [
        10.0,
        "system.cpu|softirq"
    ],
    [
        10.0,
        "system.cpu|irq"
    ],
    [
        10.0,
        "system.cpu|user"
    ],
    [
        10.0,
        "system.cpu|system"
    ],
    [
        10.0,
        "system.cpu|nice"
    ],
    [
        10.0,
        "system.cpu|iowait"
    ],
    [
        10.0,
        "system.cpu|idle"
    ]
]'
),(
'5cb28cec-3d65-11ec-83fd-15e0d7613f4b',	1638210083,	1638210143,	'[
    [
        10.0,
        "system.cpu|guest_nice"
    ],
    [
        10.0,
        "system.cpu|guest"
    ],
    [
        10.0,
        "system.cpu|steal"
    ],
    [
        10.0,
        "system.cpu|softirq"
    ],
    [
        10.0,
        "system.cpu|irq"
    ],
    [
        10.0,
        "system.cpu|user"
    ],
    [
        10.0,
        "system.cpu|system"
    ],
    [
        10.0,
        "system.cpu|nice"
    ],
    [
        10.0,
        "system.cpu|iowait"
    ],
    [
        10.0,
        "system.cpu|idle"
    ]
]'
),(
'5cb28cec-3d65-11ec-83fd-15e0d7613f4b',	1638210143,	1638210203,	'[
    [
        10.0,
        "system.cpu|guest_nice"
    ],
    [
        10.0,
        "system.cpu|guest"
    ],
    [
        10.0,
        "system.cpu|steal"
    ],
    [
        10.0,
        "system.cpu|softirq"
    ],
    [
        10.0,
        "system.cpu|irq"
    ],
    [
        10.0,
        "system.cpu|user"
    ],
    [
        10.0,
        "system.cpu|system"
    ],
    [
        10.0,
        "system.cpu|nice"
    ],
    [
        10.0,
        "system.cpu|iowait"
    ],
    [
        10.0,
        "system.cpu|idle"
    ]
]'
),(
'5cb28cec-3d65-11ec-83fd-15e0d7613f4b',	1638210203,	1638210263,	'[
    [
        10.0,
        "system.cpu|guest_nice"
    ],
    [
        10.0,
        "system.cpu|guest"
    ],
    [
        10.0,
        "system.cpu|steal"
    ],
    [
        10.0,
        "system.cpu|softirq"
    ],
    [
        10.0,
        "system.cpu|irq"
    ],
    [
        10.0,
        "system.cpu|user"
    ],
    [
        10.0,
        "system.cpu|system"
    ],
    [
        10.0,
        "system.cpu|nice"
    ],
    [
        10.0,
        "system.cpu|iowait"
    ],
    [
        10.0,
        "system.cpu|idle"
    ]
]'
),(
'5cb28cec-3d65-11ec-83fd-15e0d7613f4b',	1638210263,	1638210323,	'[
    [
        10.0,
        "system.cpu|guest_nice"
    ],
    [
        10.0,
        "system.cpu|guest"
    ],
    [
        10.0,
        "system.cpu|steal"
    ],
    [
        10.0,
        "system.cpu|softirq"
    ],
    [
        10.0,
        "system.cpu|irq"
    ],
    [
        10.0,
        "system.cpu|user"
    ],
    [
        10.0,
        "system.cpu|system"
    ],
    [
        10.0,
        "system.cpu|nice"
    ],
    [
        10.0,
        "system.cpu|iowait"
    ],
    [
        10.0,
        "system.cpu|idle"
    ]
]'
),(
'5cb28cec-3d65-11ec-83fd-15e0d7613f4b',	1638210323,	1638210383,	'[
    [
        10.0,
        "system.cpu|guest_nice"
    ],
    [
        10.0,
        "system.cpu|guest"
    ],
    [
        10.0,
        "system.cpu|steal"
    ],
    [
        10.0,
        "system.cpu|softirq"
    ],
    [
        10.0,
        "system.cpu|irq"
    ],
    [
        10.0,
        "system.cpu|user"
    ],
    [
        10.0,
        "system.cpu|system"
    ],
    [
        10.0,
        "system.cpu|nice"
    ],
    [
        10.0,
        "system.cpu|iowait"
    ],
    [
        10.0,
        "system.cpu|idle"
    ]
]'
),(
'5cb28cec-3d65-11ec-83fd-15e0d7613f4b',	1638210383,	1638210443,	'[
    [
        10.0,
        "system.cpu|guest_nice"
    ],
    [
        10.0,
        "system.cpu|guest"
    ],
    [
        10.0,
        "system.cpu|steal"
    ],
    [
        10.0,
        "system.cpu|softirq"
    ],
    [
        10.0,
        "system.cpu|irq"
    ],
    [
        10.0,
        "system.cpu|user"
    ],
    [
        10.0,
        "system.cpu|system"
    ],
    [
        10.0,
        "system.cpu|nice"
    ],
    [
        10.0,
        "system.cpu|iowait"
    ],
    [
        10.0,
        "system.cpu|idle"
    ]
]'
),(
'5cb28cec-3d65-11ec-83fd-15e0d7613f4b',	1638210443,	1638210503,	'[
    [
        10.0,
        "system.cpu|guest_nice"
    ],
    [
        10.0,
        "system.cpu|guest"
    ],
    [
        10.0,
        "system.cpu|steal"
    ],
    [
        10.0,
        "system.cpu|softirq"
    ],
    [
        10.0,
        "system.cpu|irq"
    ],
    [
        10.0,
        "system.cpu|user"
    ],
    [
        10.0,
        "system.cpu|system"
    ],
    [
        10.0,
        "system.cpu|nice"
    ],
    [
        10.0,
        "system.cpu|iowait"
    ],
    [
        10.0,
        "system.cpu|idle"
    ]
]'
),(
'5cb28cec-3d65-11ec-83fd-15e0d7613f4b',	1638210503,	1638210563,	'[
    [
        10.0,
        "system.cpu|guest_nice"
    ],
    [
        10.0,
        "system.cpu|guest"
    ],
    [
        10.0,
        "system.cpu|steal"
    ],
    [
        10.0,
        "system.cpu|softirq"
    ],
    [
        10.0,
        "system.cpu|irq"
    ],
    [
        10.0,
        "system.cpu|user"
    ],
    [
        10.0,
        "system.cpu|system"
    ],
    [
        10.0,
        "system.cpu|nice"
    ],
    [
        10.0,
        "system.cpu|iowait"
    ],
    [
        10.0,
        "system.cpu|idle"
    ]
]'
),(
'5cb28cec-3d65-11ec-83fd-15e0d7613f4b',	1638210563,	1638210623,	'[
    [
        10.0,
        "system.cpu|guest_nice"
    ],
    [
        10.0,
        "system.cpu|guest"
    ],
    [
        10.0,
        "system.cpu|steal"
    ],
    [
        10.0,
        "system.cpu|softirq"
    ],
    [
        10.0,
        "system.cpu|irq"
    ],
    [
        10.0,
        "system.cpu|user"
    ],
    [
        10.0,
        "system.cpu|system"
    ],
    [
        10.0,
        "system.cpu|nice"
    ],
    [
        10.0,
        "system.cpu|iowait"
    ],
    [
        10.0,
        "system.cpu|idle"
    ]
]'
);

DROP TABLE IF EXISTS anomaly_rate_info_test_results_1;
CREATE TABLE anomaly_rate_info_test_results_1 (dim_id text NOT NULL, anomaly_percentage real);
INSERT INTO anomaly_rate_info_test_results_1 (dim_id, anomaly_percentage) VALUES
("system.cpu|guest", 10.0),
("system.cpu|guest_nice", 10.0),
("system.cpu|idle", 10.0),
("system.cpu|iowait", 10.0),
("system.cpu|irq", 10.0),
("system.cpu|nice", 10.0),
("system.cpu|softirq", 10.0),
("system.cpu|steal", 10.0),
("system.cpu|system", 10.0),
("system.cpu|user", 10.0);

DROP TABLE IF EXISTS anomaly_rate_info_test_results_2;
CREATE TABLE anomaly_rate_info_test_results_2 (dim_id text NOT NULL, anomaly_percentage real);
INSERT INTO anomaly_rate_info_test_results_2 (dim_id, anomaly_percentage) VALUES
("system.cpu|guest", 10.0),
("system.cpu|guest_nice", 10.0),
("system.cpu|idle", 10.0),
("system.cpu|iowait", 7.0),
("system.cpu|irq", 7.5),
("system.cpu|nice", 7.0),
("system.cpu|softirq", 10.0),
("system.cpu|steal", 10.0),
("system.cpu|system", 10.0),
("system.cpu|user", 7.5);

--matching the record 1638208763,	1638208823
DROP TABLE IF EXISTS anomaly_rate_info_test_results_3;
CREATE TABLE anomaly_rate_info_test_results_3 (dim_id text NOT NULL, anomaly_percentage real);
INSERT INTO anomaly_rate_info_test_results_3 (dim_id, anomaly_percentage) VALUES
("system.cpu|guest", 10.0),
("system.cpu|guest_nice", 10.0),
("system.cpu|idle", 10.0),
("system.cpu|iowait", 4.0),
("system.cpu|irq", 5.0),
("system.cpu|nice", 4.0),
("system.cpu|softirq", 10.0),
("system.cpu|steal", 10.0),
("system.cpu|system", 10.0),
("system.cpu|user", 5.0);

--matching the record 1638208763,	1638208823 and the record after
DROP TABLE IF EXISTS anomaly_rate_info_test_results_4;
CREATE TABLE anomaly_rate_info_test_results_4 (dim_id text NOT NULL, anomaly_percentage real);
INSERT INTO anomaly_rate_info_test_results_4 (dim_id, anomaly_percentage) VALUES
("system.cpu|guest", 10.0),
("system.cpu|guest_nice", 10.0),
("system.cpu|idle", 10.0),
("system.cpu|iowait", 8.0),
("system.cpu|irq", 8.3),
("system.cpu|nice", 8.0),
("system.cpu|softirq", 10.0),
("system.cpu|steal", 10.0),
("system.cpu|system", 10.0),
("system.cpu|user", 8.3);